condition,prompt_style,n,accuracy,ci_lower,ci_upper
canonical,plain,12,0.5833333333333334,0.3195073356553728,0.8067425380947534
canonical,reinforced,12,0.5833333333333334,0.3195073356553728,0.8067425380947534
counterfactual,plain,12,1.0,0.7574992425007574,0.9999999999999998
counterfactual,reinforced,12,1.0,0.7574992425007574,0.9999999999999998
